0.5191028547672731,-0.6674653481474013
-0.4524474353317791,0.5279570485179774
0.8172237931098301,0.709013061849471
-0.47898472357992516,0.42013886170662396
-0.47919161552083733,-0.5628605324060225
-0.45967410223940486,-0.6332035497158823
0.549792066764065,0.05835521138613986
-0.13068279658943216,0.5241447751511639
-0.2662862507396606,-0.4322247004007975
0.6065656850524879,-0.5964083228376542
-0.547314225664232,-0.9366651856812709
-0.19819121509266724,-0.6743499920016729
0.13649536529383455,0.2327406284490139
0.05828613505635283,-0.7060251897750016
0.5296427456560902,0.7234017276042093
0.8422242105646089,-0.03522595715356713
-0.0027542189138578532,-0.2878821048081397
0.6794168124698907,-0.7656513532518328
0.23169400595268796,0.7614196476859438
-0.047814738614562646,0.8372909464567779
0.6351000598580598,0.08727916475996866
-0.29114133082653204,0.2978210056672397
-0.07684802587753148,0.851481810892089
0.7947510459493112,-0.42414339655348177
0.6350883119684398,-0.920401783877971
0.6951174501701978,0.7055430831266714
-0.4814221160016725,0.8510802958329855
0.012852759513498624,0.6806695003954863
0.7843017832477477,0.7498973809531027
0.6523929161754889,-0.25135995416858514
-0.7386437267175541,-0.6903365779939952
-0.3290510145120893,0.17713996500456375
-0.7108372178053255,-0.32244862189571966
-0.8301077035404854,-0.2268979322552389
-0.8826865798498036,-0.5690868267114029
0.517791572079549,-0.2841566813838783
0.22922427197675943,-0.9916081079180588
-0.9030030231106034,-0.3034334388866211
0.854330222567895,-0.08437729647847347
0.6062911455359052,0.8553294431898293
-0.6786280578901973,0.9118385757861223
0.9112734510664875,-0.3856825126762071
-0.7173289410394004,0.2666437195231721
0.43835295445790057,-0.8435791961284451
0.20515621857245514,0.007271886407824724
-0.8059014953997643,0.5227904210403906
-0.22333161922800948,-0.06387865422713213
-0.7681556052431662,0.6350653265677086
0.29023501587866307,-0.32831451063977646
0.4400259421669206,0.4668048671552065
-0.5047710607743703,0.7483364200518479
-0.051949068319536496,0.9039411937813042
0.1623354638847736,-0.58774581103476
0.774487366968581,0.7526742854103576
-0.28175539583430154,-0.3535611079760741
0.19596306259333374,0.18034717665609934
-0.8448466140746345,-0.10514545059019298
0.9585019181019176,0.8563816585233575
-0.7476784990818519,0.6101112081169198
0.8054716891421938,-0.08141224987227091
0.2055774564820072,0.3633407854550672
0.9683454862014487,0.9836474504821322
0.7589052442666657,-0.21227003266934386
0.8120874034458547,-0.9088536184445852
0.16571431078598486,0.19198263414310524
0.7179156009608816,0.26431766923634004
-0.667420669540056,-0.006194732599604347
-0.7897174249310828,-0.8028050749412814
0.4800702382693023,0.409679974404217
0.2680724014972191,0.11457553140489019
0.18089889314234608,-0.7790474843821633
0.5165390589488286,-0.6675443570452828
-0.293581392992992,-0.5753752833903838
0.8244057250810659,0.531794862180595
0.20484578378516916,-0.674484927715548
0.49327629063346246,0.1943528274831694
-0.9240011680305062,-0.6056886055943727
0.8696832571360538,0.23659184965238045
0.2637562398338762,-0.7641344343689667
0.12221811431933105,0.0017928990011646384
-0.08594609339264103,-0.3611067241133066
0.25865610203111666,0.7161287252101889
-0.38681941278056575,0.8502788424775449
-0.08669055333242204,-0.9008549479182828
-0.6413166661387184,-0.09346151917121914
-0.5491079601825612,-0.138128795172483
0.6620760713990119,-0.8945256257311993
-0.5521975132419787,-0.9717914450279155
-0.5396833041691018,-0.7587125782192823
-0.6520563594885946,0.7271702193851772
-0.21583650484148142,0.9214944893337582
0.8126280437789413,0.5949613817262398
-0.378758819625417,-0.7821864529695852
0.9705860348630582,0.46520467308551994
0.2022429133914443,-0.8391821422956145
-0.7036542551055227,-0.6436568188078915
0.5772072125342551,-0.018519034113815502
-0.6115492466684778,-0.9417874172572356
0.5370481343193461,-0.3773764274382565
0.8179093467788474,0.5356816339476518
0.026014391233249556,-0.746946471941635
0.41921464867924985,-0.3525822916980741
0.48768685818518787,0.4377681205722108
0.5918972799266267,-0.09284771597190855
-0.2950674383735652,0.5007509185546399
-0.20171273536114476,-0.6124709184547803
0.4483283401708078,-0.12756979949805025
-0.49025526805517505,0.44107368256032875
-0.18319847671158485,0.5352861265955045
0.7274718070195454,0.058036160797349634
-0.726457550195345,-0.17350790048171283
-0.25601844385164463,-0.7797784834633321
0.22308477445611863,0.7729294498793482
0.6396212768467768,-0.3708457816673505
-0.8528927205807151,-0.5394133607059914
0.15470664519393185,0.9060237940493492
-0.4455998321508412,-0.861851622245764
0.31184435693045387,-0.9231224709174475
0.9121988885657879,-0.23785617463773878
0.9188419777523182,-0.7664497926178053
-0.6964406543433039,0.9766414164163153
0.7250679681092322,0.21571257722925674
-0.34320751997201904,0.4948268966542251
-0.41858258785665714,-0.8245138316854679
0.6376404419115154,-0.6782735380883915
0.07341786103877812,-0.9941326514459643
-0.23537016963571156,0.23881421008105574
-0.4968809854252083,0.29353311924237
-0.9026656062295006,0.554677413350829
-0.761332112262129,0.9828646681413149
-0.7173655464387034,-0.4857017815707967
-0.057369238166573355,-0.8554961182431913
0.9746536413912086,0.8561765486816832
0.6660227052711851,0.7622788949120527
0.023900340289561228,-0.7011334121684927
-0.6543204189220362,-0.9523800486982943
0.6552006968020461,0.14593674591649708
-0.6455493922034816,-0.01653472498419073
-0.021764471226675353,0.5739383666289994
0.5498773321862953,0.5929310717268339
0.6293226907831171,0.8641692186237073
0.7448506868419873,0.9247970257122267
0.7807981235812127,0.6850564037431464
0.47837215241796627,0.360117748487947
0.7576366061668236,-0.5534770251089205
-0.15378783667473295,-0.8120149880513448
-0.8494672623194357,0.6584676549327586
-0.07696890879023055,-0.03007252447905695
0.7501000712816444,0.3733980760548521
-0.5612255143041753,-0.8014533514727398
-0.8327369064055683,-0.14466840738671727
0.053546132799447754,-0.5838876459904434
0.7371593422388398,0.6291308648088021
0.1731961015176431,-0.7212916775695601
-0.6414677563254891,0.12266261196313422
0.1453713572016162,0.7014184662564407
-0.2045151015720088,-0.6987817186260479
-0.9430749232950417,-0.7453395578049231
0.6098940811692386,-0.3367931358726961
0.5481494054118763,0.5730450853133571
0.337646190935464,0.8590247338053265
-0.2863244514523198,-0.9299906020381046
-0.893402039813407,-0.8943415144103719
0.9646268589341005,-0.9456512557985188
-0.230492721277898,0.34528780584722063
0.03099836052133509,0.08141317732374675
0.00018630563258104083,-0.9630560301379136
-0.33483708239114174,0.07384848753995232
-0.14371740108909004,-0.5999164855292516
0.2153163222353751,-0.4531366066904412
-0.27755824302976295,0.7925298786711097
0.292619246525629,0.5674038853280721
-0.4290233997392452,0.09368632735826621
0.7627191720019766,-0.18023783389708692
0.10202000877458572,0.4708526698876092
0.21919594644051088,-0.12120874271615123
0.40983469952407203,-0.6651264866974989
0.44912981187347256,-0.3106461912811618
-0.6470898305657125,0.2662936367868829
0.7806176522905337,-0.21940054900254813
-0.01741591007477572,0.842127168159782
-0.6708109836145502,-0.18505049416132624
0.04009816417244472,-0.8266582460677561
-0.6590014178771222,-0.8871728761850948
0.123716714772939,0.538181097218065
-0.3602436743211992,-0.5020214501755489
-0.8679835448886248,-0.0249858826428786
0.7514910212708461,0.7910303075152136
-0.9537682098374909,0.9107016511373178
0.9320253758336767,0.4517282183933733
-0.861402285281176,-0.3263316091033934
-0.8846948600132354,-0.08415727916080762
0.5259387625231706,-0.7861940457287344
-0.7525539458535111,0.4412637430455233
0.17832254706759088,0.4460905416007972
0.33311417088860895,-0.8369219915056443
-0.290252175945964,-0.20052387515634362
0.20059136096128438,-0.18951155130381214
-0.8612770947329322,-0.41987414275853174
-0.8838414510146724,0.298851667587521
-0.778758739183284,0.10946561170153712
0.46690004961345677,-0.7763529942567533
0.3081106370554212,-0.5894172344583692
-0.4486859548040958,-0.4853105619766809
-0.2552309750247972,-0.09808926870307877
0.7215571870243771,0.2647303170485984
-0.12037752146986125,-0.9393073204822064
-0.07195798741820925,0.4053864961240794
0.8415431433812446,0.21230993709661639
-0.2688417435855366,-0.5773042965790984
0.656908188892918,-0.09236631272705687
-0.02708478037557782,0.9256433845317436
0.6189533985737785,-0.21436843809371742
-0.6864664534228258,0.29398695367758254
-0.16125962174472286,-0.8601059694142106
0.9182972009783665,0.8182155641732209
0.28533361517631417,-0.5269019696023556
0.42391726829469834,-0.6466996621314485
-0.6075686723055791,0.2683406415355001
-0.7813917701348572,0.9789026744144491
-0.658968298158144,-0.15627981332136054
0.2681996046931685,0.3514487400052666
-0.002696159979069579,-0.8106535439543736
-0.3608037783946192,0.04298406883850836
-0.5326003232820455,0.8083723624593575
-0.8861661480656171,-0.03210704863407554
0.046064116487532614,0.2510282516416322
-0.1381339736012286,-0.312978751502607
-0.8605028737116538,-0.5523067474925791
-0.7538733236579391,0.4166386679815717
0.40334376194508414,-0.7215784062455914
-0.19575307087719174,0.5463227891346467
0.8071189404260068,0.45225233929476394
-0.6347953559321753,0.21258653302133035
0.7447494314108014,-0.6774417793186078
0.8580526878388337,-0.6525620543943738
0.02964559021105484,-0.7260325335215674
-0.7473007068779809,0.1618175890202882
-0.738366462194672,0.3730496074534497
-0.05731470731079913,-0.6707816019730524
0.5017128516128893,-0.22121913509433644
-0.38339333584146273,-0.2173377557818308
-0.6539967008907821,0.06442274323626629
-0.9962307010639588,0.8067203441415305
-0.2791389807516218,0.11018764708608075
0.9696060784812763,-0.848223019554835
-0.24453179990752516,-0.31615403196072034
-0.8742653842051378,0.12807243024621662
0.15682196779032154,0.27109487804200305
0.0024118969977713345,-0.22740058511601102
-0.9661999622722373,-0.2732775967109746
0.011946048451275226,-0.384236653561441
0.5083056111990869,-0.5883235107142706
-0.6048831874539409,-0.5743932480921636
0.3222098754273941,0.12267011721725884
0.47646474100594927,0.547491499576287
-0.6228527098393921,0.7721525411955596
-0.5540533374826355,-0.22534195287353165
0.35428489081180703,-0.722805864595506
-0.7832846370213047,-0.781584410353217
0.9978390797441159,-0.9511406480791529
-0.38366388862582856,-0.5985188325222865
0.361787263759481,-0.22129826550328424
0.034017080499348706,-0.8918140465978466
0.03436711861378905,0.9605046868284102
-0.16334056828252108,0.21166012095100872
-0.6952473612368832,0.8835331803800754
0.8863391824408473,-0.6305975085668867
0.6594650134243731,0.9438540276096303
0.16154496880602154,-0.7820756759038778
0.8738044005800485,-0.49899610290315755
0.6950783224301726,0.31195037430860717
-0.8671522183299867,-0.8801801950100174
-0.21903111933856922,-0.7073408753627028
-0.7388941993018137,-0.014873365740610156
-0.568636044378682,0.5797495940590005
-0.38204338713310104,-0.14290780772568823
-0.48118483609342766,-0.838958841797151
0.17844105072658278,-0.9034899856993877
-0.3527904904219199,-0.28916173849974225
0.7864593716844366,-0.6250965377470907
0.12415445955475723,-0.5143840060390688
-0.7937786347354137,-0.01626607771166122
0.010301799402735234,-0.13140123932308567
-0.5789974199542862,0.9400516099848364
0.41100549914432216,-0.40623948362106255
-0.9269145804134094,0.9922578110114921
-0.08738215292891116,-0.41826362727782707
-0.8014115976978369,0.4482332065734471
0.10034477988740642,0.9031884863014645
-0.739066682695305,0.14019120913437
-0.19763012086234122,0.5407916054911814
0.8102893605421886,0.5258978673009993
-0.6464259593804524,0.6091731069533064
-0.7459554863008822,-0.678466695709435
0.7134230706872948,-0.9555674733849933
-0.1251232706994554,0.7560370209422116
-0.4063870643577179,-0.5170453396190351
-0.49229656394688526,0.26871001664342464
0.2955522042140999,0.11765500031868781
-0.48160031409793747,-0.724425469685819
0.1738634606193259,0.681894913723935
0.7235372081581521,0.9561175829857711
-0.5106939967732924,-0.5846248427261143
0.0745989415365238,0.29209572698887665
0.004626164492804952,-0.1273928797816002
0.8062798756891014,-0.52178122730526
-0.863848623962965,-0.01576680902937233
0.5576073472631942,-0.9395347500916966
-0.941651760098668,0.2802112978172977
-0.9401635934766488,0.40154534961803234
-0.2602071230533778,-0.696214963299443
0.015500533356606061,-0.2501407043250419
-0.6317441829364661,0.6646879221519824
-0.7027396205814782,0.34665227002470456
0.9045097986755504,-0.9030694922011653
0.34345794724307854,0.582153058699785
-0.7034726575988697,0.09549831231005323
-0.8275670380123594,-0.27830426024878197
-0.31475892186258037,0.9379072078435089
0.49895608285741666,-0.9019294065830725
0.6854792855951626,-0.546039772668862
0.39661642694513666,-0.04655751167289557
-0.7560486381690326,0.4073771474612764
0.8926615522943242,-0.08542798485538006
-0.6469331023402287,-0.3953525489840415
-0.04786340900703667,0.6218090770330837
0.9038416350886145,-0.8959938189348315
0.5119682949458759,-0.98986395378946
-0.6865124889983667,0.6790810929573243
-0.9695259664112232,-0.8622499454225552
-0.7521866003976125,-0.8313946199489319
-0.3454873553519262,0.9946968445140296
0.298663613292212,-0.2817431141142339
-0.32641467401827295,-0.007553858312840722
-0.15734486816720206,-0.34524471121507316
-0.11894175931924766,0.9095977485739886
-0.022776404393782368,0.09579028185883298
-0.8576694337253752,-0.855923546862688
0.6104072696368672,-0.6059768420791956
0.18932318886998334,-0.7911783411825566
0.7156309829412133,0.4993694394919046
0.250075255016442,-0.9300719903155952
-0.547143254286637,0.2658441050139677
-0.6804855134389494,0.9253553196603514
0.5350108875086421,-0.49476038842422687
0.9040011920986686,-0.8060344588971675
-0.006639860536594933,0.16084213628623956
-0.719512877038015,0.09883285738847714
0.33447748636536345,-0.9420374675014451
-0.5168525706975811,0.6377804115509016
0.3705459026021456,0.46111076369177617
-0.5802163617357252,-0.0878796048026056
-0.5031946657420843,-0.7073073793442686
-0.9303624127347683,0.40390352770831894
0.5292590267433319,-0.7266331670631334
0.8528618570027382,0.36225192411859086
-0.4206352403056903,0.5909579386590793
0.23341444979575376,0.6642316690216654
0.20905941032805386,0.801220530603777
0.08552473946766681,-0.41116732338807926
-0.7116974068061943,0.19226380174383895
0.8637981169739675,0.356310934821223
0.37069902588284753,-0.37075753316570914
0.05601113106884048,0.8641947190910684
0.053060297840922255,-0.4985776173467851
0.3139794429614753,0.9023776061379316
-0.8442511813446358,-0.04184348329996257
-0.2262613778448015,-0.6126565217458573
-0.8942942144243797,-0.015606477956405573
0.9728452749699392,0.07426685892989404
-0.2794818071917704,-0.6694281251125289
0.27718618132099637,-0.6165437549380779
0.8581551491195343,-0.32232411846873665
-0.7805358483850533,0.6654073886252854
-0.85429898312698,-0.7872404061011895
-0.1791303014736343,-0.7167593364638585
0.8225193793781653,-0.784435874084956
0.7762642786785294,-0.15200677571880772
-0.6304340093741823,0.41049808037268587
-0.7649411907485713,0.39149929472174394
0.6642633952068566,-0.20632822156819608
0.9390784351309693,-0.6974167900948762
0.07984976836200519,0.5443666061153969
-0.1448574131248732,0.3089958789456253
0.428259510549887,-0.2464221935298745
-0.5197381255327744,-0.5910680594069999
-0.36128895076764045,-0.012726921949381076
-0.34774262761311325,-0.9521750424312552
0.715798745538037,0.1369040796604859
0.13767416257297005,-0.5107587376366702
0.1716841248519574,-0.48654364487664625
-0.5118997263462282,-0.5898988843480275
0.24544115160228985,-0.7375705538527142
-0.820238609702014,-0.8386767145310936
-0.24556051754007346,0.47526225787068355
-0.2416929614975809,-0.6312597265116839
0.022603240038203687,-0.6133546417672113
0.281438823541005,0.8332440469149764
0.6246709164522786,0.11035935776069072
0.265083737215426,0.8547000721702596
-0.6358050890834535,0.6353056761070557
0.31152890273617095,0.23859923397080607
-0.6763856301774147,-0.6447109625642626
0.10696887184210224,0.3846488470487881
0.43537798264491356,0.8057145383526483
0.897616125763073,0.4600036156064522
0.5832046891453535,-0.5440473940990642
-0.2544384895341716,0.7565274461899991
0.8513605079082607,0.255842526673858
0.2530477937253035,0.7302821372502757
-0.45051158502622757,0.6088051836054333
-0.29983059117877175,-0.7141121691837697
0.7419565811468696,0.2986449824225208
-0.8499382199623999,0.13627093023769832
-0.31421267677176523,-0.05211381545268612
0.7597360082122162,-0.9201295030418317
0.43061871805684726,-0.9576219413420473
0.1836138191565151,-0.6000263738198819
0.3072812454165563,-0.2737173056718192
0.4655439934821006,-0.15901270862925476
-0.4383175983260217,-0.44213727922208346
0.06288599509674442,0.9381639771980002
-0.6253769986462383,-0.21235267246321987
-0.4334770388477478,-0.820637870179266
-0.3712746653528429,-0.4559687841608857
0.4016519476556668,0.8352855019989172
0.035133487503150596,0.8567139943630444
0.7327205095047669,0.9071955605927353
-0.8100602489224937,0.2632147010482093
-0.23362053729484145,-0.9931841046075509
0.9486439813923757,-0.32873700152048313
-0.7567835762209167,-0.4833099199962476
-0.838746366046442,0.789049644557106
-0.5221195402157384,-0.8971071829637189
-0.6955465801942999,0.10145512832008663
-0.4637033837192521,-0.267881554775647
-0.9963778033505408,-0.7263333051657006
0.14520245911773633,0.11184797185581541
-0.8368879566906826,-0.1808518230290479
0.46732758635342875,-0.6803837077984336
0.501122652328708,-0.07166756293333143
0.9540587525605042,0.11724312475286847
-0.9698214539784928,-0.9722787083161477
0.040037496036899434,-0.32927899173731223
0.5591145844426968,0.19481894054612447
0.2700495745747393,-0.7928643909830855
0.6790815293494012,-0.904222512112645
0.41216410814984994,0.8712938917952371
0.1309912688419932,0.4986468953594767
0.015111409347248417,0.277632513394942
-0.1776800145540962,-0.1828535828108495
-0.9934095949188098,-0.5097633805149553
-0.8636557315970592,-0.8560769905138002
-0.21668012086137356,0.6117180274113434
-0.45413088877702856,-0.12438447154948662
-0.9271927596023375,0.5212352447917907
-0.15026153107203322,-0.7147071814398009
0.10101829233486948,0.8344418475189215
0.9525456050898031,0.12757293614949394
0.353928656569676,0.634473336952279
-0.2599667217975419,0.6086710775550137
-0.007915529444838976,-0.2998752143833068
-0.33544661715864166,0.9840957538484889
0.3007612631231822,-0.7754510323354702
-0.25746102553261463,-0.39541000191449815
-0.9062702802259943,0.7300007075610169
0.9871890061764654,0.08493440556449472
0.9243791959149918,-0.8338341984392961
0.5984245501038663,0.29405611190491965
0.7032256828931496,-0.7407002685905832
-0.6045071192324594,0.3509872058040797
-0.8405728489640976,0.22347054068294558
0.4815786825209616,-0.03096287927704755
-0.8151460448899261,-0.3767812612702801
0.46491202427851297,-0.6864459210187381
0.6949044222741645,0.9140387743669451
-0.4835045127363804,0.05345110197369762
-0.6045925001596797,-0.40260294416376996
0.498564233950904,0.5071887272296194
0.7619867872721966,0.9504768671091779
-0.4975832022216393,0.14099033954656037
0.16038849443561487,0.7306971770499822
-0.234841620602128,-0.18668104834701205
-0.4210833238417808,0.7742015238378035
0.034819821215841484,0.5126938299654407
-0.26135415832482,-0.17035247950929033
0.9403128354523569,0.9947415201782779
0.7564457711529522,-0.9212743435234167
-0.32219527283115834,-0.1010440486452635
0.32332111353814996,0.6934825248808838
-0.7946534666671925,0.3731679265246519
-0.34279219512901293,-0.5086510589265889
-0.25870907830302303,-0.9214123479219416
-0.7623459008125393,-0.37810297436179363
0.07109283863076121,-0.9860284507860673
-0.09692817376841245,-0.34037546165554455
-0.5709982201837462,-0.6738020457270659
-0.883796734175996,-0.6946759055518277
-0.46656563267040263,0.1234228228963643
0.4940146431665493,-0.1631081493069697
-0.05886586513051806,0.3130452004614266
-0.5113851633826991,0.9468126088738567
0.05994084231258223,-0.287689739015466
0.8021358966445129,0.2760438174132924
-0.4789544337915217,0.7417322006400731
0.9930898704194697,-0.5365863778800679
-0.7459611044998951,-0.4520279362994395
-0.7280209216903362,-0.5609883710231558
-0.0893777053234297,0.252798393064233
0.662439259123154,0.2970570854086365
-0.6194206822189245,0.650199937920535
0.25131787933946326,0.22875484605273777
0.0967869863032782,0.29504577511211605
0.5262411712427921,0.8406407092437007
0.6132137023863928,-0.5377940603430156
-0.5220974397989842,-0.29469229308000155
0.4126590105842436,0.14621401075221785
-0.629772268507621,0.5048062947531455
-0.15516392247385724,0.22157260985478477
0.09840683715627807,-0.44523563780574693
0.367142387305315,-0.4877926850003125
0.9906787221919084,-0.4279259383028595
-0.03949445417943798,0.6181466852012711
-0.6076510810692857,-0.8377104404102957
0.421218384725776,-0.8887078903100996
-0.5538494987793141,-0.08529842602001803
0.7608529668902462,0.18893530126881775
0.4611534516024487,0.21458072774965808
0.5437308481321761,-0.37765619935372996
0.49790733771506446,0.45048812260767024
0.7463151412105895,0.5790126776874778
-0.25656889414942396,-0.27082719170931147
-0.27756600554873945,0.27423230537454235
-0.4859226582248697,0.0817870677374477
0.22780993032680774,-0.16310223949724567
-0.21371026570539242,-0.44223102038077644
-0.2092159144491017,0.46731147849456733
0.2724682696474665,-0.8058271906336871
-0.41903505531536944,0.36823306517933774
0.7486193844723952,0.4071852179941573
0.9129905094588264,0.9246971813133726
-0.6384086878400614,0.2850338834141304
0.2211670981003342,0.1719736657876827
-0.19742064837695472,-0.24204994254856005
0.18101562792649295,0.4088687267303661
-0.36947612217829273,-0.4165454952420389
0.34274499448546925,-0.28341211519765386
0.05566659844880517,-0.8542858588356901
0.8437080290360832,0.005095627832702121
-0.4124651432443529,-0.05486719399858142
-0.3410833369257773,-0.9158454804714453
0.49403440182291125,-0.40407316438230967
0.6158128240940395,0.1365556936191472
0.7117509947803422,0.14482659935503883
0.06294871471307384,-0.2791759953581454
-0.984500702043974,0.7395818359160504
0.38373391595980366,-0.11131280047675052
-0.9127864653055897,0.21204948928517586
0.7054290146995288,-0.7424097835121726
0.2724237552907338,-0.08921812420583941
-0.4332726870627017,0.7704649485863029
-0.8275506220700244,0.6202894223581474
-0.08748162927253378,-0.5181010641924382
0.19364409019052986,0.47615684550234105
-0.1302874339442257,-0.43650114227857295
-0.5613690147433759,-0.4715111671723442
0.2603928280179686,-0.3026597379587659
0.7882755762755345,0.8666758326280593
0.026762448205044587,-0.5300906930436975
0.28779278568587174,-0.5325839409356765
-0.04605307677912163,0.07075978768949698
0.8774328005223244,-0.5263080253797401
-0.1548890081201646,0.6058534037117418
-0.7678984301417164,0.08761903302421503
0.8142653740690178,-0.06415515289832974
0.6255005791083861,-0.9448909970361912
0.4845313248225076,0.9299196798784979
-0.44191032702453037,0.6219997683763181
0.934406655233248,0.9116242804664065
0.9360291803104599,0.012762507672065215
-0.5467547347471171,-0.793980758642822
0.36374452119352974,-0.3324778027848354
0.37265971804396525,0.7416181853892665
0.2798196837107949,-0.5312608406192232
0.6220352948414158,0.30897487681358005
-0.12611804719906172,-0.8076189300377696
0.43610135053514454,-0.8423774380786937
0.5725836452886897,0.9816970753456724
-0.5224158720826089,-0.170454732229826
0.009959092530689384,-0.025238084213365708
-0.7112337681319387,-0.21474684171978198
0.35125057667596193,-0.4440720885473979
0.3748329049454895,-0.9008881438496887
0.026032990484853746,-0.47463092184247957
0.9298179315281254,0.15051732498148884
-0.938760016295896,-0.5980075189541652
-0.45214072027618,-0.030598137221150346
0.46023458889536184,-0.0659719851241396
-0.708621763950162,-0.9847388191512956
0.2360338919656646,-0.5506465047168516
0.3905194649254764,0.08616602628082126
-0.08711259253477421,-0.8688167127050255
-0.9549838517358944,0.6950130890713908
0.35342277106278797,-0.9234334131762707
-0.47409396653203184,-0.004133995591402817
0.19537910646778167,0.2548209074525245
0.709648595929012,0.7965545884220331
0.27499368607742536,0.34418091793248595
0.4088131409950313,-0.22900250803668132
-0.2464968908866514,0.14437405391489766
0.5815183862142732,-0.7683090554232355
-0.5142127627012869,0.05358988735233394
0.441667134486073,0.304274427397595
0.37626568008014605,-0.9471368597665555
0.12168469948535221,-0.5531017845226391
-0.8198829356248871,0.8116173067778709
0.6344893252949981,-0.1904392430339179
0.20957433202334919,0.24988083902624614
0.7188755743378736,0.5394611137156429
-0.08739502395561782,0.6471349843315615
0.7201128032097399,-0.49496438933451814
0.8321788667558376,-0.0026516392023685498
-0.7199539296042377,-0.0940415295514403
-0.08867267033323634,0.653868083650351
0.05343911925456557,0.15989047207158102
-0.9506836693467888,0.8358172050933554
-0.14461195416493844,0.710665147195997
0.13611780753772362,-0.7352337166183227
0.13584275211191388,0.2965745228083627
0.804877066846621,-0.26592785946192365
0.0258245453821484,0.4796163156048805
0.40284075171751055,0.7255892984052892
-0.09219770864681798,0.8923333678333161
0.6061346868619337,-0.1342919910251854
0.7594530922118301,0.312513020868149
-0.5972779085505926,0.32509795788483187
-0.09062455966983762,0.6181229285182859
0.7038583684196471,0.8307943579001884
-0.2023161278020753,-0.0990113980552163
0.2990105657836586,-0.9835169581247065
0.8342451768420911,0.1664158655069008
-0.19091178937193942,0.8448180438146842
-0.5190885236439018,-0.9811847410102759
0.5635136135801699,-0.46024133135878387
0.9405688592268606,-0.064009886962203
-0.5923586999670085,-0.44288122552047104
0.7420836923144558,-0.024959211846953044
-0.27377802956423314,-0.3771964781765689
-0.28965277532289857,-0.29686768838436706
0.6828642598671448,0.08421448569555912
0.09657176824176439,0.44157593197282163
-0.0714955013992189,0.5750264369815667
0.9641207167074666,-0.25118754165168866
0.0686624528643327,-0.3972904426427084
-0.6711301427287375,-0.5561948069373575
-0.7770570650696251,-0.9172226803226955
0.46906631949022004,0.8930497362854357
-0.8756122539385189,0.9722254648790936
0.11747159980624677,0.8366084599841594
0.3998037379311017,0.6666439248822185
-0.8030159102378185,-0.49091964081231865
-0.1231109175425531,0.443744835672893
-0.8369463472368699,-0.5477791698753327
-0.5896579620039306,-0.7824102930667405
-0.6752553432062083,0.06278400441446585
0.6876304634057033,-0.7391675426424618
0.5168458849698001,-0.5133365738512368
-0.02833820871327486,-0.754855213535691
-0.9874009855711716,-0.6218319232091998
0.7295546009601517,-0.3327133241821203
0.4626047918600944,0.23572297848017154
0.4381020865332388,0.5690785038764363
-0.016002252064121425,-0.5054019332094692
0.3408909528649511,0.8295991826937299
0.8620071797725781,0.07480404986359646
-0.9002490239416407,-0.7490716076044914
-0.22052545950110658,0.7695862194290946
0.7790980313505294,-0.21449621918658424
0.2132659291159209,0.11418999505156568
-0.6922769350107749,-0.7455217803776075
0.9984250447066731,0.296794289267299
0.10117600515544467,-0.9732214011406708
0.9948436222184187,0.24372520801810516
-0.31078052686775726,0.4642109084519961
-0.8540347378876223,-0.7549629881187188
0.8405243276166419,0.8665049403913452
-0.4892963164917523,-0.4680667142599624
0.5021106274607463,0.3871274219852452
0.1875474116298339,0.08121662546998576
-0.31293602103106144,-0.45572608899263867
-0.1516776218600715,0.5554238478805544
-0.419134030308266,0.9325880189277418
0.49662386886870635,0.04807806185056407
0.8919156593834989,0.317490774330887
0.7250713474685277,0.8874693637251179
0.20165069112822653,-0.24671176192920008
-0.9991228192610029,-0.4646022392085989
-0.24756844686371382,0.7860740836403486
0.7541869195009765,-0.5015433805901517
0.8105735890392034,0.7918818810597075
-0.4089156945593069,0.01327237353180788
0.9768538225243619,-0.7739586810330361
0.4709889854994722,0.10651875941786271
0.11603102062695014,0.8120539178767303
-0.7357007113496241,-0.40893933777949454
0.47311180616920656,-0.7666450677790326
0.7606211451079983,0.5973424729475405
-0.25346204252208815,-0.14314566364826553
-0.20958379347883782,0.8597377701808013
0.15250812612794573,0.2447175198894187
0.7918224801185902,0.18747375361241247
0.022704468359373342,-0.9228300823801521
-0.2660385353021113,-0.5636581663471358
0.5233611469455692,-0.8601712448767083
0.8075722736761803,-0.47326186010686144
0.5562351990784276,0.5956476596179818
0.24424145183160295,0.9353314899368479
0.38887362062003605,0.45102114077312727
0.7634104909369692,-0.0837017770081605
-0.76082800360122,0.4962597870489578
0.304531129866074,0.05024489376217445
0.0766389944207535,0.2026817556506455
-0.19473662442208295,-0.7201460058039435
0.0026782296351288704,-0.12877151909669715
-0.7258975477743028,0.10710315178658347
0.5501467700028866,-0.7245542205242244
0.3886952282631899,-0.6932237383317963
0.17044756291807928,-0.4934594248439046
0.5322941827246297,0.5724116370226278
-0.6881235058245962,-0.9568342781316266
-0.9933784425336747,-0.022022880498913322
0.12037796844713444,0.07214209809697603
-0.007653322939001228,0.7295994304654754
-0.46845386731782623,0.1332176380391552
0.8175306209449542,-0.36277563399497903
0.7460402647262578,-0.988293904741665
-0.06408693131876642,0.693413588576625
0.6404993989491792,-0.891765912181151
0.9899905187382716,-0.10948613835316978
0.5895361739657454,-0.9257848065268421
-0.12601445472436623,0.8332408053647224
0.6620403788722091,0.16593547266722197
-0.10141064246273701,0.7007397732437424
0.2704334855406847,0.37656289759304284
0.5795143364335245,0.3716198991153066
0.277100028088338,-0.05279473243833177
0.3190084640698312,0.949253600389091
-0.1760769355339531,-0.8598472111924278
0.5081029658418692,-0.4270574619888361
-0.22154737991302187,-0.240545780951271
0.8756064977896563,0.02057632284969224
0.25812574779768127,0.6774787721953899
0.7685046103516591,-0.12427191525590531
-0.3962698575763557,0.287103303078704
-0.6909884252815246,-0.5961902029728343
0.7015913059254086,-0.4057258038767255
0.2833861617106199,-0.8131191404572546
0.9802564771255351,-0.7542279266425376
-0.33209417954286535,-0.23708185350202515
-0.8982982624523521,-0.23397391471398565
0.483452697192426,-0.9897550962569701
-0.5724398254142884,0.9346117469035315
-0.2459028873754976,0.7130991878732129
-0.7605209353102211,0.527021888536237
0.9487289145763502,0.6447587576459188
0.8536198714966281,0.15353504929808293
0.4768376196167048,0.6098951599646101
-0.005927361821228105,0.5713443026302969
-0.28415079133601195,0.8246786281592211
-0.8337953440724128,0.27016490483927247
-0.369951530775392,0.006564889707266541
-0.6956847448764074,-0.13436530914249678
0.3694098533114092,-0.8750747247139374
0.00015023575333250605,0.008371186665742103
0.621982394448872,0.10799225430588733
-0.5756937608756121,0.9225653872284385
-0.9265633385232137,-0.05306723650568257
0.16583803646580964,0.14155404054789833
0.2473298701782256,0.1476433679260143
-0.4862110523772778,0.3250385435758363
0.3579387320267404,-0.7923683330750231
-0.1628650892869168,-0.4418172100809499
0.32585899012337527,0.7233552164507964
-0.08233131175370056,0.5473249933033486
-0.7129130555765197,0.0009150211562298782
-0.2561814310041244,-0.8138852469884201
0.5854888939800655,0.6847972121312831
-0.738603466736133,0.2652040986889066
-0.7152522191341089,0.528214960910937
0.55670933770845,0.9981392056405287
-0.21555275754959413,-0.8185533071967515
0.8800229195806972,-0.5783296587053408
-0.3144564855408287,-0.915734826639762
0.7705905262258952,0.2209677995982895
-0.39387767050811084,0.17449464633281142
-0.7655969987267179,0.7863842371836611
-0.7397032627702742,0.8104964529834275
-0.8718232323895856,-0.38480149777959083
0.37754526975656955,-0.8510973288874579
-0.9183240218103996,0.2081960155954523
-0.9353866059332774,-0.1325829161123906
-0.13057132754662315,-0.5263009473377265
-0.6399897771747602,0.6627458265854096
-0.4091920329053549,0.03402313215560948
-0.45557321069525036,-0.6179719386765696
-0.0009924361003756932,0.5645076065272296
-0.5717991970528069,-0.529417056456402
0.42968626536439913,-0.7978304110442898
0.5621209329557812,0.8270464705832612
-0.06015414874620695,0.6219278720607797
-0.2036088777373375,0.25671036435750527
-0.6392495245265686,-0.5027201004881503
0.3648336395465237,-0.47123493011446915
0.6855221657208701,-0.2791988492533315
-0.11663907565086817,-0.35075401126283134
-0.37449953595727603,0.4732728473182488
0.29013171848354125,-0.694109649981016
0.8454047880158182,-0.8298021645430873
0.9288330095527066,0.5781969943294949
0.32485019449553243,0.30778534531998547
0.42057780973074044,0.48968064838194647
0.5433518920901887,0.1382850326628533
0.6580704656866101,0.729741452142326
0.3125278859124794,-0.0887273200202836
0.42130922278710514,0.6558824997050707
0.1319914061672134,-0.8702998573214904
-0.7608718732166366,-0.33974233312219004
-0.1509686472350502,0.7343326008013682
0.01393277464846876,-0.6250317095563367
-0.8724267612398706,0.8431412972660974
-0.2612921025155033,-0.2595426474959093
-0.9658241446073177,0.8766566505097693
-0.9952109657798549,-0.7235451149963144
0.5063972084412662,0.6035027657816536
0.32830891703795606,0.12280178184905832
0.6603656435644913,-0.7569025721028964
0.4017258692304151,-0.5841830820981353
0.6459143816208186,-0.39281874593873
-0.7503444777987716,0.11589343144310171
-0.6476868735592738,0.11281876839535876
0.9975049802418954,-0.4691292333064738
-0.3132585374929209,0.22599655022547482
0.4932341821482986,-0.39740138957017046
0.6692929253753639,0.2480402301450939
-0.363356533875846,0.7048017991738842
-0.9934404447776606,0.5256328963021917
-0.12386822192449021,0.7592540619750159
-0.07259236491222598,0.39626328676827827
0.2374804913466355,0.7943278385097454
0.25822694303062677,-0.9835227905386084
-0.05100154318216399,-0.24478062130769196
0.07132159913944025,0.2706085404477445
-0.1268228587503839,-0.05729096298204439
-0.9436119658257685,-0.3660333917675809
-0.8125195018030589,0.6307522146747713
-0.7319124462598812,0.052480075550698446
-0.9459763206590777,-0.921436005511824
0.7471322908912859,0.13283309279683886
-0.8568980956012564,0.4802331168233136
-0.5297512053616014,-0.9088968380256557
0.45731387371505305,-0.6064201792911477
-0.8316011571865034,-0.9616348803578252
-0.7959064293239249,-0.6907382450160893
0.11970293411282129,0.9080938833793748
0.22272897417769477,-0.793263774347023
-0.6087607161641553,-0.5244236929805783
-0.24774846817337748,-0.9756653784001839
0.8979371320233271,-0.35818571611213734
-0.7070180411938989,-0.8960700436730185
0.013256878540655936,-0.6238734006048046
0.8672516302663675,-0.5127230621725616
-0.9188780282509288,0.6453332939490837
0.8365711366417588,-0.16125807480140586
0.2784978068048327,0.6924896880595446
-0.22326306583451272,0.7752328218031894
0.39558506841945884,0.03755954930376215
0.28512806564645055,0.6570256543652253
-0.7967789721592644,0.1665898264131369
0.007912016507151787,-0.7129605335207387
0.4537485773676302,0.1479988055870507
0.1821177649327872,-0.11692711280581136
0.6547623568960006,0.9983518441418531
-0.7562118019189645,0.9822344524978901
0.6255363692438471,0.833232657228588
-0.565133007242107,-0.7142080669711564
0.20226893780099853,-0.239989027108652
0.8861649915103027,-0.5255940978983435
0.4465363172604233,0.9667915769790103
0.7039740017660827,-0.6593112994112025
-0.6642442335308205,-0.4965997412483474
-0.9260706921506627,-0.36839335521492744
0.4279901059495297,0.42672684556843166
0.055973934309133444,0.8688571949441863
0.15145285686160959,0.3938045906298855
0.7147530872623917,0.040894374353655394
-0.5258505921398144,-0.7082304994732518
-0.42494689453599443,0.331333570178737
-0.3135625790817578,0.4768666667099657
-0.40472261594934933,0.6143510153296361
-0.8201737607485617,-0.44473810425645754
-0.32427583221930023,-0.7459803483304015
0.11196812620025454,0.5141244568040724
0.65760663777757,0.5566921419132571
0.9077126660322294,0.9649179638898169
-0.28860883231303136,0.9502394118182078
-0.7730100594129246,0.9584813256510349
0.28669985412045884,-0.006192431111247787
-0.4997886396397737,-0.031214339554731074
-0.30785959047804723,0.47950877698479055
-0.07440732522021731,0.13127117235005947
0.5679446304838747,0.7222122654134484
0.3781993326526778,0.9009425226486012
0.7604315235483601,-0.36058941328247696
-0.3278737004691845,-0.21122422608224278
-0.7888961457356463,0.47231612135944934
0.4657054180474971,-0.8507923701785651
-0.4712199477997774,0.5612182145132774
0.27489179069662706,0.4747494280429776
0.7354074402151543,-0.021564626563376876
0.3832832773635757,-0.8255599317702631
-0.8910015372588083,0.6777511741093991
0.5953545251460102,-0.0664701781654804
-0.43959131223723813,-0.2851184228518582
0.3381579590269175,-0.915337918473438
0.7172981011033797,-0.9421799454645563
-0.5667455817259157,0.14072766440068496
-0.7953486149718194,-0.7707655482741771
-0.4727013258701336,0.13621683558228614
-0.8061404280465154,0.2748112812702297
-0.7270445778571859,0.804044506007856
-0.31816789477235274,-0.7334964844992213
-0.11925761414541469,-0.14360727132787487
-0.037666381911977576,0.39714918545275135
0.6008038592408966,-0.05131203152133068
0.15597865373581343,-0.7422971380749774
0.3863108861278117,0.84870748281674
-0.9886633788421688,-0.37668274847749816
0.22809967860641045,-0.42478163704802196
0.9554584022216224,0.12790583603231842
0.819807940998535,0.03581135251095735
0.8872643988058044,-0.9509038873160498
0.5317970261942659,0.4611222917464859
0.17285953946221566,0.530289679828815
-0.2445882837461073,-0.06817566241522344
0.6677402837182558,-0.45612387342504657
0.8549304654540764,0.17446500790204555
-0.3723354580393028,-0.48491970999712475
0.055904499762715165,0.06929643898111082
-0.665220221094968,-0.0702279921464839
-0.1593673173352932,-0.5873312022560089
0.8344662335445718,-0.6821549736256778
-0.6338324975991834,0.35794836087395554
-0.9201208453851573,0.9369212926292998
0.18371811804318106,0.13282491641768202
-0.08119947947246242,0.6689813617634
0.2859053643426952,-0.6232278662047961
0.2980005922154936,-0.29067288742998443
-0.16543686091477805,0.898191779762159
0.032672973076464995,0.6587942324030538
-0.5430894441621286,0.44557703613015853
0.3867233829237613,0.20991810324272464
0.02886748078899215,-0.2353495527763676
-0.36880709580996496,0.019501830262321773
0.1416849931861197,0.6082631737056599
0.34740259872226975,-0.7204480556497648
-0.576541151474975,0.6466976060078811
-0.1323582652677633,0.35256407131077383
-0.3997257182123788,0.8646186476782802
0.6196590427816411,0.1298049117012423
-0.22307702514612116,-0.5501882803456837
-0.39189170837341347,0.2720570022356088
0.7835951939049111,-0.597509650719726
0.1426083516360428,0.17133342740577895
0.9286423066809733,0.24372923077991415
0.18946776572411972,0.7105236242341058
0.08044680916425495,-0.8588249599957372
-0.4270096206879632,-0.8551253604981395
-0.20039004598998522,0.7743484354269925
0.024410614662551122,0.2892176104232995
0.1343583280918812,-0.1669863299246055
0.9058411771370012,-0.758628405854159
-0.5335636599026583,-0.8416107814826734
0.9080267094517012,-0.7137492035419168
0.09026788482652037,-0.7549243718682463
0.039883053917914246,0.6224507858249517
-0.2922305215320806,0.2038260976062587
-0.7054129187971594,0.15801180263657777
-0.15611918999256935,-0.9742703888090598
0.24271178556370665,-0.4295213616825264
0.6930174822869504,0.5248011663212877
-0.9422213029420621,0.6291331010410197
0.4149864306738871,0.38752135174143754
-0.869742878855311,0.3501406625718284
0.9906692068104384,0.7080468826556112
-0.7493449212099312,0.7224732318288758
0.26481014431199124,-0.6879385505063424
-0.8208420834182981,0.9904746293800568
-0.7951461580152275,0.38357989492555133
0.7540940372275435,-0.8251240125957209
